{"cameraMode":{"drawMode":0,"name":"Shaded","section":"Shading Mode"},"sceneLighting":false,"audioPlay":false,"sceneViewState":{"m_AlwaysRefresh":false,"showFog":true,"showSkybox":false,"showFlares":true,"showImageEffects":true,"showParticleSystems":true,"showVisualEffectGraphs":true,"m_FxEnabled":true},"in2DMode":false,"pivot":{"x":3.6810035705566408,"y":0.8630303740501404,"z":33.48080825805664},"rotation":{"x":0.04650123789906502,"y":-0.9193964004516602,"z":0.11449828743934632,"w":0.3734124004840851},"size":1.4291563034057618,"orthographic":false}