{"cameraMode":{"drawMode":0,"name":"Shaded","section":"Shading Mode"},"sceneLighting":false,"audioPlay":false,"sceneViewState":{"m_AlwaysRefresh":false,"showFog":true,"showSkybox":false,"showFlares":true,"showImageEffects":true,"showParticleSystems":true,"showVisualEffectGraphs":true,"m_FxEnabled":true},"in2DMode":false,"pivot":{"x":3.7543418407440187,"y":1.4977467060089112,"z":33.87395477294922},"rotation":{"x":0.22631855309009553,"y":-0.22692109644412995,"z":0.05430762469768524,"w":0.9456930160522461},"size":0.8291562795639038,"orthographic":false}